"Date","series ","OPEN","HIGH","LOW","PREV. CLOSE","ltp ","Close","vwap ","52W H ","52W L ","VOLUME ","VALUE ","No of trades "
"02-Jul-2025","EQ","275.30","275.95","267.50","273.95","273.20","273.05","271.00","277.50","185.55","44,70,824","1,21,15,76,653.50","56,916"
"01-Jul-2025","EQ","268.40","277.50","267.00","267.54","275.00","273.95","273.14","277.50","185.55","80,55,267","2,20,02,21,458.05","58,433"
"30-Jun-2025","EQ","259.92","268.80","259.00","256.91","267.98","267.54","266.00","268.80","185.55","90,14,711","2,39,79,33,214.53","67,391"
"27-Jun-2025","EQ","250.80","260.50","248.60","249.82","255.00","256.91","256.29","260.50","185.55","72,52,331","1,85,86,70,037.93","51,022"
"26-Jun-2025","EQ","249.64","251.00","246.33","248.07","250.00","249.82","249.08","253.50","185.55","25,03,962","62,36,79,736.65","32,354"
"25-Jun-2025","EQ","250.75","252.40","246.60","248.63","246.99","248.07","249.61","253.50","185.55","25,44,678","63,51,88,148.13","20,467"
"24-Jun-2025","EQ","247.27","252.00","245.60","245.69","249.00","248.63","249.24","253.50","185.55","27,25,898","67,94,02,138.19","37,557"
"23-Jun-2025","EQ","244.05","249.50","244.00","247.27","246.00","245.69","245.76","253.50","185.55","13,84,860","34,03,48,155.64","15,559"
"20-Jun-2025","EQ","242.30","249.10","241.42","243.39","247.01","247.27","247.27","253.50","185.55","20,21,564","49,98,64,345.52","22,730"
"19-Jun-2025","EQ","248.78","249.35","240.65","247.47","243.55","243.39","244.17","253.50","185.55","12,09,754","29,53,87,913.17","18,589"
"18-Jun-2025","EQ","246.00","250.00","242.66","246.79","247.20","247.47","247.82","253.50","185.55","24,37,260","60,40,06,949.46","31,770"
"17-Jun-2025","EQ","250.00","251.00","243.08","248.55","246.80","246.79","246.53","253.50","185.55","20,81,970","51,32,68,636.13","23,842"
"16-Jun-2025","EQ","248.00","253.50","245.51","247.77","247.95","248.55","249.67","253.50","185.55","57,78,030","1,44,25,84,328.45","54,642"
"13-Jun-2025","EQ","237.00","249.90","235.10","240.85","247.79","247.77","246.86","249.90","185.55","56,98,144","1,40,66,57,564.35","69,370"
"12-Jun-2025","EQ","241.68","244.95","239.95","239.55","240.16","240.85","242.72","246.00","185.55","34,01,435","82,56,10,742.92","48,288"
"11-Jun-2025","EQ","238.10","245.00","235.85","237.29","240.25","239.55","240.09","246.00","185.55","51,14,354","1,22,78,82,937.95","38,591"
"10-Jun-2025","EQ","238.27","239.80","236.77","237.13","237.24","237.29","237.80","246.00","185.55","12,39,669","29,47,91,774.24","17,189"
"09-Jun-2025","EQ","238.30","241.32","234.63","238.03","237.04","237.13","237.12","246.00","185.55","19,68,798","46,68,35,773.24","26,489"
"06-Jun-2025","EQ","231.70","238.88","230.48","231.58","238.00","238.03","234.99","246.00","164.10","31,95,295","75,08,54,340.92","40,743"
"05-Jun-2025","EQ","229.61","233.75","228.00","229.51","231.50","231.58","231.17","246.00","164.10","13,15,527","30,41,09,510.03","23,348"
"04-Jun-2025","EQ","235.40","237.77","229.08","235.64","229.70","229.51","231.58","246.00","164.10","23,35,361","54,08,31,992.72","29,414"
"03-Jun-2025","EQ","239.51","241.46","234.47","239.66","234.99","235.64","238.44","246.00","164.10","46,90,293","1,11,83,42,408.38","63,849"
"02-Jun-2025","EQ","222.39","241.50","221.69","221.69","238.46","239.66","236.17","246.00","164.10","1,34,77,673","3,18,30,42,918.94","1,28,235"
"30-May-2025","EQ","223.00","223.65","218.34","221.51","222.00","221.69","221.30","246.00","164.10","24,16,907","53,48,61,864.26","18,258"
"29-May-2025","EQ","223.00","223.85","218.10","222.35","221.44","221.51","220.56","246.00","164.10","17,23,223","38,00,78,238.68","22,919"
"28-May-2025","EQ","228.00","228.00","221.00","226.77","222.25","222.35","223.09","246.00","164.10","17,46,320","38,95,92,279.88","28,757"
"27-May-2025","EQ","228.00","228.15","225.10","229.62","227.14","226.77","226.51","246.00","164.10","7,93,817","17,98,10,975.14","13,829"
"26-May-2025","EQ","228.00","230.75","226.00","226.20","228.48","229.62","229.59","246.00","164.10","20,32,271","46,65,97,122.01","20,219"
"23-May-2025","EQ","222.02","226.90","220.55","221.89","226.20","226.20","225.09","246.00","164.10","12,64,511","28,46,29,143.68","32,643"
"22-May-2025","EQ","225.00","226.30","220.55","226.53","222.00","221.89","222.61","246.00","164.10","12,85,383","28,61,33,420.39","24,548"
"21-May-2025","EQ","231.00","231.48","225.10","228.23","226.00","226.53","227.24","246.00","164.10","29,94,653","68,04,97,692.42","25,940"
"20-May-2025","EQ","229.00","234.80","225.00","225.47","228.80","228.23","229.89","246.00","164.10","64,04,087","1,47,22,08,578.06","76,737"
"19-May-2025","EQ","228.53","229.00","224.45","225.75","225.60","225.47","226.65","246.00","164.10","18,26,083","41,38,81,852.40","20,550"
"16-May-2025","EQ","221.79","226.31","221.71","220.52","225.16","225.75","224.15","246.00","164.10","17,94,168","40,21,62,657.29","29,988"
"15-May-2025","EQ","221.82","222.41","218.75","222.18","220.15","220.52","220.28","246.00","164.10","9,06,444","19,96,69,871.98","17,936"
"14-May-2025","EQ","219.00","223.00","216.03","219.32","221.20","222.18","221.17","246.00","164.10","21,83,201","48,28,53,352.32","25,001"
"13-May-2025","EQ","211.90","219.90","210.60","211.23","219.02","219.32","215.82","246.00","164.10","23,59,900","50,93,03,549.53","36,264"
"12-May-2025","EQ","215.00","215.92","210.26","208.70","210.96","211.23","212.08","246.00","164.10","18,87,873","40,03,78,357.81","21,789"
"09-May-2025","EQ","205.00","211.45","203.80","209.78","210.00","208.70","208.18","246.00","164.10","26,63,876","55,45,65,594.16","42,506"
"08-May-2025","EQ","214.27","215.03","206.79","213.22","208.22","209.78","211.89","246.00","164.10","14,74,238","31,23,72,540.26","33,037"
"07-May-2025","EQ","207.60","214.14","206.72","210.46","213.00","213.22","212.03","246.00","164.10","14,53,568","30,82,06,240.15","30,673"
"06-May-2025","EQ","213.50","215.80","209.00","213.01","210.00","210.46","211.26","246.00","164.10","14,58,892","30,82,08,957.28","27,631"
"05-May-2025","EQ","214.70","215.45","208.00","215.60","213.10","213.01","211.66","246.00","164.10","35,61,952","75,39,11,189.35","60,317"
"02-May-2025","EQ","218.50","220.89","213.51","218.17","215.50","215.60","217.02","246.00","164.10","14,74,241","31,99,35,428.63","44,259"
"30-Apr-2025","EQ","218.00","220.50","213.99","217.67","217.50","218.17","218.89","246.00","164.10","15,40,405","33,71,83,064.54","32,690"
"29-Apr-2025","EQ","219.90","221.04","216.33","218.30","218.01","217.67","218.21","246.00","164.10","19,41,430","42,36,45,269.23","33,955"
"28-Apr-2025","EQ","212.74","219.40","212.04","215.97","218.00","218.30","217.54","246.00","164.10","12,16,356","26,46,08,915.61","22,703"
"25-Apr-2025","EQ","220.00","221.43","212.00","222.45","216.20","215.97","215.97","246.00","164.10","30,27,842","65,39,32,733.95","60,799"
"24-Apr-2025","EQ","222.00","223.95","218.83","221.96","222.47","222.45","222.36","246.00","164.10","8,83,677","19,64,90,024.48","57,915"
"23-Apr-2025","EQ","227.06","227.55","218.00","226.17","222.30","221.96","221.32","246.00","164.10","49,50,620","1,09,56,70,959.65","86,315"
"22-Apr-2025","EQ","224.20","229.10","223.10","224.63","225.65","226.17","226.95","246.00","164.10","24,92,933","56,57,76,255.32","65,118"
"21-Apr-2025","EQ","223.50","225.50","221.26","222.61","223.70","224.63","223.69","246.00","164.10","28,89,207","64,62,82,012.80","74,559"
"17-Apr-2025","EQ","218.90","225.60","217.79","218.46","222.10","222.61","222.20","246.00","164.10","49,78,798","1,10,63,02,250.91","1,00,290"
"16-Apr-2025","EQ","212.79","221.20","210.11","211.09","219.62","218.46","216.28","246.00","164.10","67,60,125","1,46,20,98,616.56","72,553"
"15-Apr-2025","EQ","212.40","214.20","206.77","209.50","210.61","211.09","211.29","246.00","164.10","24,53,218","51,83,38,556.13","50,305"
"11-Apr-2025","EQ","207.50","210.15","203.93","203.92","209.85","209.50","208.43","246.00","164.10","18,82,794","39,24,27,470.37","77,943"
"09-Apr-2025","EQ","210.51","211.37","203.16","210.74","205.00","203.92","205.98","246.00","164.10","14,83,758","30,56,25,250.30","45,223"
"08-Apr-2025","EQ","208.80","213.79","206.10","204.13","211.92","210.74","211.17","246.00","164.10","27,26,142","57,56,87,374.10","89,346"
"07-Apr-2025","EQ","209.00","209.00","198.32","216.90","204.40","204.13","203.21","246.00","164.10","36,74,437","74,67,00,474.87","93,544"
"04-Apr-2025","EQ","216.04","218.20","213.04","214.98","216.90","216.90","216.35","246.00","164.10","41,43,578","89,64,75,595.85","56,487"
"03-Apr-2025","EQ","210.21","215.75","210.21","212.95","215.00","214.98","214.09","246.00","164.10","10,84,630","23,22,13,847.84","22,597"
"02-Apr-2025","EQ","214.00","216.78","211.64","214.09","212.85","212.95","213.64","246.00","164.10","10,30,867","22,02,37,446.54","21,727"
"01-Apr-2025","EQ","208.00","215.00","207.00","209.24","213.80","214.09","212.61","246.00","164.10","14,83,327","31,53,77,479.25","26,579"
"28-Mar-2025","EQ","209.50","213.31","207.50","209.15","209.00","209.24","210.27","246.00","164.10","18,73,603","39,39,66,663.81","43,870"
"27-Mar-2025","EQ","207.30","212.18","205.56","209.62","207.50","209.15","209.62","246.00","164.10","43,13,471","90,42,09,542.23","56,364"
"26-Mar-2025","EQ","210.98","211.50","206.65","210.98","209.30","209.62","209.77","246.00","164.10","20,22,877","42,43,44,018.47","39,997"
"25-Mar-2025","EQ","213.57","214.99","209.50","209.10","210.00","210.98","212.73","246.00","164.10","58,91,455","1,25,32,83,411.81","70,766"
"24-Mar-2025","EQ","210.70","211.25","206.40","209.72","209.50","209.10","209.31","246.00","164.10","34,72,382","72,67,90,964.34","30,161"
"21-Mar-2025","EQ","205.89","210.50","201.00","203.72","209.30","209.72","208.52","246.00","164.10","20,85,559","43,48,73,293.29","55,185"
"20-Mar-2025","EQ","202.50","207.30","202.50","201.14","204.20","203.72","205.26","246.00","164.10","20,24,205","41,54,89,652.44","55,347"
"19-Mar-2025","EQ","199.80","202.40","198.23","199.55","202.38","201.14","200.68","246.00","164.10","14,96,902","30,04,04,827.43","62,887"
"18-Mar-2025","EQ","202.00","202.00","195.65","197.52","200.15","199.55","198.69","246.00","164.10","22,44,864","44,60,28,331.43","52,003"
"17-Mar-2025","EQ","186.71","201.49","186.05","186.71","196.69","197.52","195.49","246.00","164.10","67,26,082","1,31,48,50,233.16","82,917"
"13-Mar-2025","EQ","194.10","195.01","185.55","192.88","186.50","186.71","188.59","246.00","164.10","18,59,697","35,07,16,172.59","29,788"
"12-Mar-2025","EQ","197.84","199.49","192.11","197.82","193.94","192.88","194.91","246.00","164.10","9,78,310","19,06,85,218.38","20,190"
"11-Mar-2025","EQ","198.08","199.25","196.60","199.62","198.00","197.82","197.87","246.00","164.10","4,95,735","9,80,88,721.00","14,800"
"10-Mar-2025","EQ","203.53","205.99","199.00","204.03","199.25","199.62","202.57","246.00","164.10","9,04,161","18,31,55,504.96","44,582"
"07-Mar-2025","EQ","205.69","206.54","202.30","204.10","203.92","204.03","204.22","246.00","164.10","8,77,287","17,91,58,900.82","40,057"
"06-Mar-2025","EQ","201.50","205.83","198.35","199.59","203.20","204.10","202.32","246.00","164.10","26,71,364","54,04,79,885.75","49,114"
"05-Mar-2025","EQ","196.54","200.50","194.80","194.69","198.51","199.59","197.77","246.00","164.10","12,24,435","24,21,59,885.08","38,440"
"04-Mar-2025","EQ","194.87","199.20","194.09","199.97","194.50","194.69","196.67","246.00","164.10","12,32,644","24,24,29,194.85","28,355"
"03-Mar-2025","EQ","200.94","201.99","193.75","201.11","199.35","199.97","198.98","246.00","164.10","22,86,815","45,50,36,254.69","57,708"
"28-Feb-2025","EQ","209.00","209.01","198.20","209.82","199.50","201.11","203.42","246.00","164.10","35,27,174","71,74,91,727.70","50,006"
"27-Feb-2025","EQ","210.00","212.87","208.04","209.59","209.00","209.82","210.14","246.00","164.10","19,54,362","41,06,82,565.97","38,462"
"25-Feb-2025","EQ","210.00","212.19","207.51","211.51","210.07","209.59","209.98","246.00","164.10","14,39,919","30,23,59,823.50","28,473"
"24-Feb-2025","EQ","212.00","212.50","206.62","213.35","211.10","211.51","210.02","246.00","164.10","11,13,067","23,37,61,779.92","29,542"
"21-Feb-2025","EQ","218.00","219.70","211.80","218.70","212.69","213.35","215.70","246.00","164.10","12,55,985","27,09,17,253.07","29,382"
"20-Feb-2025","EQ","215.35","220.25","213.75","215.30","218.60","218.70","217.87","246.00","164.10","7,28,871","15,88,00,238.60","16,355"
"19-Feb-2025","EQ","216.66","219.49","214.11","218.35","215.40","215.30","216.50","246.00","164.10","9,05,354","19,60,12,818.88","28,068"
"18-Feb-2025","EQ","220.00","220.87","213.00","218.91","218.50","218.35","216.27","246.00","164.10","10,23,433","22,13,41,494.74","21,416"
"17-Feb-2025","EQ","223.60","224.79","217.50","223.60","219.43","218.91","220.99","246.00","164.10","15,30,676","33,82,67,139.15","33,548"
"14-Feb-2025","EQ","225.98","228.39","220.10","225.17","223.50","223.60","223.31","246.00","164.10","14,09,863","31,48,39,803.50","23,528"
"13-Feb-2025","EQ","224.53","230.56","224.20","224.53","225.49","225.17","227.51","246.00","164.10","9,80,816","22,31,46,268.48","20,829"
"12-Feb-2025","EQ","227.90","230.65","222.25","227.10","224.20","224.53","224.68","246.00","164.10","12,08,551","27,15,32,715.38","27,299"
"11-Feb-2025","EQ","230.00","231.68","223.24","232.11","229.55","227.10","227.12","246.00","164.10","10,73,059","24,37,08,275.23","26,722"
"10-Feb-2025","EQ","236.75","237.00","228.12","236.63","231.50","232.11","231.28","246.00","164.10","11,30,286","26,14,15,521.87","18,797"
"07-Feb-2025","EQ","234.50","237.25","230.50","233.96","236.75","236.63","234.14","246.00","164.10","18,04,670","42,25,45,743.96","30,194"
"06-Feb-2025","EQ","232.95","235.40","230.48","231.30","233.98","233.96","233.93","246.00","164.10","29,71,768","69,51,88,874.77","35,727"
"05-Feb-2025","EQ","234.30","235.16","229.90","234.36","231.35","231.30","232.10","246.00","164.10","11,39,036","26,43,70,008.18","18,439"
"04-Feb-2025","EQ","234.20","237.50","233.00","233.55","233.51","234.36","234.82","246.00","164.10","9,98,076","23,43,70,723.26","30,094"
"03-Feb-2025","EQ","235.00","235.39","230.82","236.67","232.50","233.55","232.73","246.00","164.10","6,27,615","14,60,67,184.45","15,272"
"01-Feb-2025","EQ","239.00","239.89","232.65","238.22","235.90","236.67","236.57","246.00","164.10","10,84,160","25,64,75,170.10","20,322"
"31-Jan-2025","EQ","234.90","239.50","231.00","233.84","238.77","238.22","237.17","246.00","164.10","22,89,320","54,29,54,677.85","31,673"
"30-Jan-2025","EQ","228.50","235.00","226.15","228.27","233.80","233.84","231.85","246.00","164.10","26,36,866","61,13,57,897.66","29,230"
"29-Jan-2025","EQ","226.98","229.50","225.51","224.90","228.25","228.27","227.84","246.00","164.10","8,70,346","19,82,98,427.18","16,634"
"28-Jan-2025","EQ","222.50","226.90","216.80","222.97","226.90","224.90","222.93","246.00","164.10","29,64,944","66,09,66,714.96","46,470"
"27-Jan-2025","EQ","226.00","226.00","220.00","226.20","222.60","222.97","222.60","246.00","164.10","10,74,525","23,91,90,293.02","20,023"
"24-Jan-2025","EQ","233.50","233.85","224.20","233.40","225.45","226.20","227.38","246.00","164.10","14,25,196","32,40,59,943.96","22,172"
"23-Jan-2025","EQ","227.00","234.70","221.04","223.82","233.50","233.40","230.00","246.00","164.10","36,96,230","85,01,43,536.43","68,184"
"22-Jan-2025","EQ","230.00","230.84","220.26","227.82","223.70","223.82","224.31","246.00","164.10","22,77,014","51,07,67,211.51","45,497"
"21-Jan-2025","EQ","226.05","231.20","223.51","224.67","227.47","227.82","227.50","246.00","164.10","60,28,252","1,37,14,56,734.66","78,701"
"20-Jan-2025","EQ","221.45","228.90","218.50","218.16","225.60","224.67","224.20","246.00","164.10","70,92,257","1,59,00,57,229.50","85,777"
"17-Jan-2025","EQ","220.74","221.97","216.05","220.74","219.00","218.16","218.94","246.00","164.10","20,98,845","45,95,23,632.07","42,315"
"16-Jan-2025","EQ","215.00","222.00","212.81","212.44","221.50","220.74","218.43","246.00","164.10","32,50,302","70,99,61,500.08","48,273"
"15-Jan-2025","EQ","218.00","218.93","211.97","216.94","212.50","212.44","214.07","246.00","164.10","14,15,121","30,29,35,895.76","24,085"
"14-Jan-2025","EQ","206.50","218.00","206.50","208.61","217.00","216.94","213.99","246.00","164.10","11,50,064","24,61,04,962.72","32,232"
"13-Jan-2025","EQ","205.15","210.12","204.32","209.56","207.00","208.61","207.35","246.00","164.10","19,27,112","39,95,79,928.83","45,059"
"10-Jan-2025","EQ","210.70","213.20","206.28","211.30","209.65","209.56","210.20","246.00","161.30","13,92,080","29,26,16,420.70","34,541"
"09-Jan-2025","EQ","212.30","212.88","209.05","212.28","210.70","211.30","210.79","246.00","161.30","11,68,146","24,62,35,772.48","28,867"
"08-Jan-2025","EQ","215.00","219.50","210.11","218.04","212.30","212.28","213.63","246.00","161.30","10,34,015","22,08,94,911.08","30,787"
"07-Jan-2025","EQ","217.57","219.90","215.50","217.94","218.05","218.04","217.69","246.00","161.30","6,92,835","15,08,26,566.62","16,978"
"06-Jan-2025","EQ","224.00","226.04","215.00","222.61","217.48","217.94","219.98","246.00","161.30","13,43,025","29,54,41,934.78","32,740"
"03-Jan-2025","EQ","223.00","226.40","222.00","222.79","222.97","222.61","223.75","246.00","161.30","6,44,408","14,41,88,249.44","17,551"
"02-Jan-2025","EQ","226.01","227.25","220.00","225.63","222.10","222.79","223.76","246.00","161.30","15,31,617","34,27,09,354.19","24,495"
"01-Jan-2025","EQ","217.00","227.00","215.70","217.13","224.80","225.63","223.01","246.00","161.30","25,31,615","56,45,87,643.00","41,369"
"31-Dec-2024","EQ","210.00","218.90","209.50","213.58","216.59","217.13","216.06","246.00","161.30","12,47,986","26,96,44,783.85","26,066"
"30-Dec-2024","EQ","222.75","223.99","207.00","222.74","210.40","213.58","215.83","246.00","161.30","17,10,256","36,91,28,199.53","28,876"
"27-Dec-2024","EQ","217.91","223.69","216.43","215.96","222.50","222.74","220.97","246.00","161.30","14,59,563","32,25,13,653.02","27,842"
"26-Dec-2024","EQ","216.48","218.80","215.20","216.48","216.05","215.96","216.62","246.00","161.30","4,58,657","9,93,53,620.42","12,728"
"24-Dec-2024","EQ","216.50","218.78","215.21","217.09","216.90","216.48","216.85","246.00","161.30","6,12,476","13,28,16,760.41","13,913"
"23-Dec-2024","EQ","223.00","224.98","216.10","220.95","216.90","217.09","219.54","246.00","161.30","11,83,526","25,98,27,411.11","19,309"
"20-Dec-2024","EQ","230.00","230.89","220.00","228.48","221.00","220.95","223.37","246.00","157.15","12,51,198","27,94,81,710.24","18,695"
"19-Dec-2024","EQ","230.50","231.74","226.91","231.31","228.50","228.48","229.35","246.00","157.15","6,74,268","15,46,40,205.24","13,301"
"18-Dec-2024","EQ","232.50","234.99","226.10","233.87","230.20","231.31","229.29","246.00","157.15","25,06,171","57,46,40,653.85","43,878"
"17-Dec-2024","EQ","236.90","237.50","231.70","236.52","232.80","233.87","234.01","246.00","157.15","8,78,278","20,55,28,557.42","14,782"
"16-Dec-2024","EQ","236.10","239.49","235.00","237.61","235.86","236.52","237.56","246.00","157.15","8,88,960","21,11,80,770.74","17,890"
"13-Dec-2024","EQ","238.95","238.95","232.55","238.06","236.30","237.61","235.66","246.00","154.45","9,52,320","22,44,28,148.50","19,498"
"12-Dec-2024","EQ","240.00","240.15","235.00","238.70","238.20","238.06","237.17","246.00","154.45","7,65,991","18,16,71,991.19","13,559"
"11-Dec-2024","EQ","242.90","243.50","237.96","242.76","238.81","238.70","240.23","246.00","154.45","11,86,142","28,49,43,305.55","12,295"
"10-Dec-2024","EQ","241.53","244.40","238.65","242.24","242.50","242.76","241.87","246.00","154.45","17,20,607","41,61,58,339.41","23,719"
"09-Dec-2024","EQ","243.35","246.00","240.00","241.81","242.00","242.24","242.27","246.00","154.45","14,83,970","35,95,27,493.65","21,300"
"06-Dec-2024","EQ","240.00","244.90","239.10","240.21","241.79","241.81","241.75","245.00","151.85","21,22,801","51,31,96,571.14","36,969"
"05-Dec-2024","EQ","239.47","244.75","237.51","239.46","240.43","240.21","241.38","245.00","151.85","28,23,140","68,14,44,388.68","46,845"
"04-Dec-2024","EQ","237.00","242.50","236.45","238.63","239.48","239.46","240.22","245.00","151.85","39,38,718","94,61,54,709.19","39,819"
"03-Dec-2024","EQ","237.50","241.07","237.03","237.49","238.00","238.63","238.47","245.00","151.85","15,86,917","37,84,30,112.38","22,871"
"02-Dec-2024","EQ","238.00","238.74","234.36","236.56","237.40","237.49","237.02","245.00","151.85","14,50,521","34,38,02,337.31","18,930"
"29-Nov-2024","EQ","239.00","245.00","235.50","238.38","236.95","236.56","240.45","245.00","150.80","78,45,066","1,88,63,15,028.37","62,536"
"28-Nov-2024","EQ","229.90","240.00","228.09","230.05","239.00","238.38","236.69","240.00","150.80","79,30,177","1,87,69,71,177.29","57,243"
"27-Nov-2024","EQ","230.00","230.80","225.40","230.04","230.00","230.05","228.33","239.80","150.80","16,19,453","36,97,72,831.50","20,281"
"26-Nov-2024","EQ","224.10","231.06","221.66","222.45","230.05","230.04","227.81","239.80","150.80","23,04,654","52,50,14,426.67","25,476"
"25-Nov-2024","EQ","216.80","224.20","216.12","212.54","223.40","222.45","221.57","239.80","150.80","23,70,962","52,53,22,242.81","45,314"
"22-Nov-2024","EQ","214.40","216.84","211.90","214.65","212.60","212.54","214.60","239.80","148.25","8,41,983","18,06,85,841.46","17,940"
"21-Nov-2024","EQ","216.88","217.05","211.50","216.88","214.50","214.65","213.97","239.80","148.25","9,03,904","19,34,07,874.56","20,942"
"19-Nov-2024","EQ","214.00","219.90","213.00","212.82","216.67","216.88","217.74","239.80","148.25","13,42,296","29,22,70,384.69","25,886"
"18-Nov-2024","EQ","214.63","216.82","208.82","211.27","212.80","212.82","212.11","239.80","148.25","10,66,872","22,62,97,965.99","30,188"
"14-Nov-2024","EQ","211.70","215.99","209.20","211.51","211.00","211.27","212.44","239.80","148.25","12,62,274","26,81,51,849.92","23,191"
"13-Nov-2024","EQ","220.90","221.01","210.14","222.35","212.24","211.51","214.48","239.80","148.25","16,37,201","35,11,42,088.63","35,055"
"12-Nov-2024","EQ","226.80","231.00","220.00","226.97","220.79","222.35","226.20","239.80","148.25","24,83,384","56,17,43,570.77","51,161"
"11-Nov-2024","EQ","227.80","231.80","225.06","228.23","226.84","226.97","228.05","239.80","148.25","11,51,658","26,26,31,343.67","25,587"
"08-Nov-2024","EQ","232.00","232.05","224.34","231.66","227.00","228.23","227.71","239.80","146.85","19,09,188","43,47,39,270.77","29,460"
"07-Nov-2024","EQ","227.01","239.80","225.10","226.24","231.60","231.66","232.93","239.80","146.85","70,53,099","1,64,28,91,552.52","1,00,562"
"06-Nov-2024","EQ","224.00","227.95","223.17","224.67","226.40","226.24","226.04","232.75","146.85","9,75,224","22,04,40,752.36","22,732"
"05-Nov-2024","EQ","222.50","225.49","221.20","223.14","224.00","224.67","223.62","232.75","146.85","11,47,003","25,64,96,707.91","27,936"
"04-Nov-2024","EQ","227.53","227.53","222.50","227.53","222.93","223.14","224.23","232.75","146.85","11,54,398","25,88,55,837.57","39,107"
"01-Nov-2024","EQ","229.00","229.00","226.71","225.98","226.90","227.53","227.67","232.75","142.10","3,87,329","8,81,81,279.49","7,359"
"31-Oct-2024","EQ","227.13","228.30","223.01","227.13","225.21","225.98","225.38","232.75","142.10","17,75,231","40,01,00,283.91","40,328"
"30-Oct-2024","EQ","223.16","229.53","222.30","221.45","226.82","227.13","227.00","232.75","142.10","41,74,822","94,76,91,287.65","50,543"
"29-Oct-2024","EQ","216.28","224.80","216.28","216.53","221.40","221.45","221.65","232.75","142.10","23,68,135","52,49,06,332.60","50,307"
"28-Oct-2024","EQ","214.55","219.90","214.20","214.55","216.40","216.53","217.36","232.75","142.10","14,12,865","30,70,97,052.32","29,639"
"25-Oct-2024","EQ","220.00","222.74","212.50","219.81","213.90","214.55","216.06","232.75","138.40","20,53,075","44,35,80,739.25","56,259"
"24-Oct-2024","EQ","216.00","220.59","213.36","214.95","219.20","219.81","217.43","232.75","138.40","17,30,789","37,63,30,571.31","31,225"
"23-Oct-2024","EQ","212.90","219.79","210.00","217.46","215.10","214.95","214.75","232.75","138.40","22,03,940","47,32,97,713.47","38,771"
"22-Oct-2024","EQ","221.11","221.95","215.00","223.14","216.70","217.46","218.14","232.75","138.40","30,42,903","66,37,68,851.01","50,327"
"21-Oct-2024","EQ","223.10","228.88","216.10","221.95","221.86","223.14","223.24","232.75","138.40","61,49,173","1,37,27,69,777.85","73,906"
"18-Oct-2024","EQ","212.50","225.90","208.37","216.91","224.00","221.95","217.03","232.75","132.95","75,82,498","1,64,55,97,645.78","82,870"
"17-Oct-2024","EQ","205.95","219.89","200.10","204.28","214.50","216.91","212.60","232.75","132.95","1,44,04,946","3,06,24,44,989.33","1,50,089"
"16-Oct-2024","EQ","203.50","206.60","200.52","203.30","205.00","204.28","203.10","232.75","132.95","10,06,532","20,44,22,022.40","21,419"
"15-Oct-2024","EQ","205.00","205.15","200.01","204.04","203.05","203.30","202.04","232.75","132.95","10,05,478","20,31,44,004.66","31,093"
"14-Oct-2024","EQ","199.10","207.07","197.20","199.04","204.50","204.04","201.85","232.75","132.95","34,24,299","69,11,89,131.92","68,019"
"11-Oct-2024","EQ","198.00","200.59","195.25","196.75","199.00","199.04","198.54","232.75","128.00","11,15,858","22,15,46,372.96","25,020"
"10-Oct-2024","EQ","199.49","200.08","195.89","198.35","197.30","196.75","197.15","232.75","128.00","12,54,581","24,73,35,974.17","35,081"
"09-Oct-2024","EQ","200.00","203.00","196.50","198.28","198.20","198.35","198.47","232.75","128.00","14,88,308","29,53,82,605.93","41,829"
"08-Oct-2024","EQ","197.80","201.29","193.20","199.41","200.30","198.28","197.10","232.75","128.00","20,46,161","40,33,04,130.79","36,995"
"07-Oct-2024","EQ","206.34","210.19","197.10","208.69","199.75","199.41","200.07","232.75","128.00","34,25,973","68,54,31,251.96","63,105"
"04-Oct-2024","EQ","210.08","210.71","206.98","211.08","208.75","208.69","208.48","232.75","128.00","11,34,863","23,65,93,158.03","33,505"
"03-Oct-2024","EQ","212.50","213.59","209.50","214.17","210.31","211.08","211.37","232.75","128.00","8,12,952","17,18,31,189.62","20,329"
"01-Oct-2024","EQ","216.34","216.34","212.38","214.56","214.48","214.17","214.00","232.75","128.00","13,72,956","29,38,09,142.55","29,952"
"30-Sep-2024","EQ","217.30","217.76","212.61","217.21","215.49","214.56","214.58","232.75","128.00","14,19,811","30,46,68,981.65","36,233"
"27-Sep-2024","EQ","218.04","221.90","216.55","217.27","217.50","217.21","219.37","232.75","127.50","11,88,198","26,06,49,839.10","22,529"
"26-Sep-2024","EQ","221.47","222.00","216.50","220.96","218.00","217.27","217.86","232.75","127.50","14,49,643","31,58,16,309.06","15,211"
"25-Sep-2024","EQ","222.40","222.50","218.03","220.78","221.00","220.96","219.81","232.75","127.50","11,65,518","25,61,91,805.85","30,474"
"24-Sep-2024","EQ","221.00","221.82","217.59","219.87","220.10","220.78","220.61","232.75","127.50","22,39,006","49,39,43,783.81","21,962"
"23-Sep-2024","EQ","212.99","220.79","211.10","210.19","219.55","219.87","216.67","232.75","127.50","40,79,958","88,40,03,596.96","44,964"
"20-Sep-2024","EQ","213.00","213.97","209.53","210.87","210.87","210.19","210.47","232.75","127.50","28,25,569","59,47,05,304.77","28,365"
"19-Sep-2024","EQ","212.50","213.29","206.10","211.40","210.90","210.87","209.41","232.75","127.50","13,57,725","28,43,15,015.06","33,091"
"18-Sep-2024","EQ","213.00","214.64","210.10","214.94","210.70","211.40","212.16","232.75","127.50","7,90,934","16,78,05,009.57","19,019"
"17-Sep-2024","EQ","219.21","219.22","213.25","217.37","214.05","214.94","215.21","232.75","127.50","10,22,272","21,99,98,410.12","15,003"
"16-Sep-2024","EQ","218.07","218.79","215.25","217.11","218.00","217.37","217.01","232.75","127.50","7,70,847","16,72,85,144.95","18,250"
"13-Sep-2024","EQ","219.54","220.34","216.43","219.44","217.10","217.11","217.99","232.75","125.00","8,50,880","18,54,84,334.63","15,736"
"12-Sep-2024","EQ","221.80","222.99","217.00","218.76","220.00","219.44","219.21","232.75","125.00","7,69,987","16,87,87,036.97","21,155"
"11-Sep-2024","EQ","226.00","226.00","217.30","223.95","218.10","218.76","220.38","232.75","125.00","10,44,880","23,02,66,265.35","18,607"
"10-Sep-2024","EQ","220.00","224.94","217.50","218.46","223.15","223.95","221.85","232.75","125.00","14,86,747","32,98,41,034.72","29,947"
"09-Sep-2024","EQ","219.15","220.27","212.21","218.54","219.14","218.46","215.75","232.75","125.00","10,52,317","22,70,41,112.25","23,416"
"06-Sep-2024","EQ","220.20","222.61","215.84","219.61","217.40","218.54","219.31","232.75","122.20","7,93,737","17,40,71,137.76","21,009"
"05-Sep-2024","EQ","220.25","224.84","218.70","219.44","220.80","219.61","221.31","232.75","122.20","9,88,798","21,88,31,561.30","17,008"
"04-Sep-2024","EQ","218.00","223.90","216.70","224.75","219.40","219.44","219.87","232.75","122.20","14,80,639","32,55,55,089.68","33,536"
"03-Sep-2024","EQ","224.28","225.99","222.69","223.76","224.51","224.75","224.67","232.75","122.20","4,96,566","11,15,65,806.10","12,543"
"02-Sep-2024","EQ","222.00","225.70","221.11","222.22","223.95","223.76","223.62","232.75","122.20","7,89,205","17,64,83,533.41","16,871"
"30-Aug-2024","EQ","223.37","226.46","221.00","223.37","221.83","222.22","223.92","232.75","118.70","6,53,112","14,62,45,930.56","11,544"
"29-Aug-2024","EQ","222.92","224.69","220.70","222.92","223.30","223.37","222.80","232.75","118.70","8,77,691","19,55,49,598.99","16,365"
"28-Aug-2024","EQ","228.40","228.40","222.22","225.96","222.78","222.92","224.32","232.75","118.70","7,64,895","17,15,84,186.42","14,637"
"27-Aug-2024","EQ","224.63","227.20","222.42","223.53","225.99","225.96","225.20","232.75","118.70","16,34,432","36,80,73,852.57","22,207"
"26-Aug-2024","EQ","227.00","231.50","222.00","222.45","223.50","223.53","224.68","232.75","118.70","38,53,024","86,56,82,874.01","29,737"
"23-Aug-2024","EQ","223.80","225.55","221.00","223.38","222.22","222.45","222.62","232.75","115.60","7,40,750","16,49,03,693.40","30,722"
"22-Aug-2024","EQ","228.90","228.90","222.30","227.92","224.00","223.38","226.07","232.75","115.60","10,38,917","23,48,72,529.99","23,247"
"21-Aug-2024","EQ","221.00","229.48","220.01","220.72","228.50","227.92","225.48","232.75","115.60","24,35,439","54,91,53,225.33","37,245"
"20-Aug-2024","EQ","221.07","223.55","219.00","221.86","221.55","220.72","221.09","232.75","115.60","7,80,206","17,24,97,350.08","19,891"
"19-Aug-2024","EQ","217.00","222.95","216.99","216.99","221.85","221.86","220.53","232.75","115.60","11,73,203","25,87,21,099.67","22,282"
"16-Aug-2024","EQ","213.50","217.79","213.10","213.32","217.00","216.99","216.28","232.75","115.60","10,63,652","23,00,46,012.18","21,912"
"14-Aug-2024","EQ","215.15","215.90","212.24","215.05","213.53","213.32","213.48","232.75","115.60","6,50,650","13,89,00,254.18","21,809"
"13-Aug-2024","EQ","213.85","217.35","210.87","213.36","215.55","215.05","213.88","232.75","115.60","11,67,866","24,97,81,154.06","26,450"
"12-Aug-2024","EQ","214.00","214.60","210.46","214.93","213.72","213.36","212.54","232.75","115.60","8,72,208","18,53,75,347.62","21,043"
"09-Aug-2024","EQ","212.90","216.00","211.71","211.05","214.90","214.93","214.67","232.75","115.60","8,78,017","18,84,87,836.57","17,907"
"08-Aug-2024","EQ","215.80","216.68","210.56","215.01","212.50","211.05","212.26","232.75","115.60","9,43,466","20,02,56,415.00","25,643"
"07-Aug-2024","EQ","210.95","216.54","208.07","207.06","214.49","215.01","211.66","232.75","115.60","14,33,758","30,34,70,301.84","27,391"
"06-Aug-2024","EQ","211.00","215.35","205.56","211.89","207.50","207.06","211.63","232.75","115.60","24,63,746","52,14,02,064.94","35,147"
"05-Aug-2024","EQ","211.00","213.00","207.01","219.27","212.15","211.89","210.01","232.75","115.60","34,69,809","72,87,06,945.86","45,440"
"02-Aug-2024","EQ","223.00","224.00","217.85","225.75","218.96","219.27","220.18","232.75","115.60","14,35,866","31,61,43,280.40","28,672"
"01-Aug-2024","EQ","227.50","229.37","223.37","230.78","225.98","225.75","225.91","232.75","115.60","12,82,675","28,97,74,142.93","20,808"
"31-Jul-2024","EQ","232.75","232.75","226.85","231.81","230.90","230.78","230.17","232.75","115.60","25,78,060","59,33,83,921.75","24,629"
"30-Jul-2024","EQ","228.50","232.65","226.56","228.50","231.65","231.81","230.15","232.65","115.60","30,78,139","70,84,24,501.45","28,029"
"29-Jul-2024","EQ","224.80","229.81","223.50","222.52","228.40","228.50","227.35","229.81","115.60","47,72,513","1,08,50,28,333.02","39,215"
"26-Jul-2024","EQ","216.98","229.34","215.24","215.99","222.33","222.52","223.43","229.34","115.60","87,93,486","1,96,46,94,732.59","78,671"
"25-Jul-2024","EQ","212.00","216.95","210.40","214.23","215.90","215.99","214.19","219.90","115.60","22,65,650","48,52,69,683.93","28,318"
"24-Jul-2024","EQ","205.30","215.30","205.30","208.13","214.00","214.23","213.25","219.90","115.60","24,01,186","51,20,62,401.05","37,040"
"23-Jul-2024","EQ","211.58","211.80","203.30","211.58","208.60","208.13","208.20","219.90","115.60","19,31,395","40,21,18,931.19","33,177"
"22-Jul-2024","EQ","210.14","214.00","206.10","210.13","210.70","211.58","211.37","219.90","115.60","24,31,003","51,38,35,427.34","33,875"
"19-Jul-2024","EQ","208.05","214.80","207.75","206.31","209.45","210.13","211.82","219.90","115.60","83,97,138","1,77,87,08,628.74","95,767"
"18-Jul-2024","EQ","202.85","207.90","198.41","202.05","207.50","206.31","204.92","219.90","115.60","54,22,252","1,11,11,17,641.59","64,018"
"16-Jul-2024","EQ","201.80","202.75","198.54","199.93","202.01","202.05","201.36","219.90","115.60","7,86,264","15,83,20,872.24","18,620"
"15-Jul-2024","EQ","200.20","202.30","196.15","199.56","200.50","199.93","199.09","219.90","115.60","14,59,078","29,04,80,997.71","27,722"
"12-Jul-2024","EQ","195.40","201.70","193.01","195.35","199.32","199.56","199.05","219.90","115.60","24,08,662","47,94,47,350.88","31,374"
"11-Jul-2024","EQ","192.45","196.75","191.20","191.82","195.76","195.35","193.69","219.90","115.60","18,12,198","35,09,97,387.31","28,175"
"10-Jul-2024","EQ","197.80","197.90","191.15","195.72","191.50","191.82","193.15","219.90","115.60","16,63,826","32,13,69,451.63","33,345"
"09-Jul-2024","EQ","200.90","204.11","194.01","200.59","195.57","195.72","197.77","219.90","115.60","36,00,186","71,20,08,109.42","69,450"
"08-Jul-2024","EQ","203.08","204.50","199.20","202.77","200.72","200.59","201.73","219.90","115.60","14,80,708","29,87,00,841.63","23,889"
"05-Jul-2024","EQ","205.00","205.70","201.86","205.77","203.08","202.77","203.04","219.90","115.60","10,19,923","20,70,83,063.37","18,470"
"04-Jul-2024","EQ","205.00","206.50","203.40","206.17","205.51","205.77","205.20","219.90","115.60","10,08,134","20,68,68,778.33","20,042"
"03-Jul-2024","EQ","205.15","208.10","202.31","204.79","206.16","206.17","206.24","219.90","115.60","10,98,421","22,65,41,718.04","25,064"